--------------------------------------------------------
--  File created - Wednesday-November-28-2012   
--------------------------------------------------------
DROP TABLE "SCOTT"."ADMIN" cascade constraints;
DROP TABLE "SCOTT"."CATEGORY" cascade constraints;
DROP TABLE "SCOTT"."CUSTOMER" cascade constraints;
DROP TABLE "SCOTT"."ORDER_DETAILS" cascade constraints;
DROP TABLE "SCOTT"."PRODUCT" cascade constraints;
DROP TABLE "SCOTT"."PRODUCT_CATEGORY" cascade constraints;
--------------------------------------------------------
--  DDL for Table ADMIN
--------------------------------------------------------

  CREATE TABLE "SCOTT"."ADMIN" 
   (	"USERNAME" VARCHAR2(50 BYTE), 
	"PASSWORD" VARCHAR2(32 BYTE), 
	"NAME" VARCHAR2(50 BYTE), 
	"CONTACTNO" NUMBER(20,0), 
	"SHIPPINGCHARGES" NUMBER(10,0)
   ) PCTFREE 10 PCTUSED 40 INITRANS 1 MAXTRANS 255 NOCOMPRESS LOGGING
  STORAGE(INITIAL 65536 NEXT 1048576 MINEXTENTS 1 MAXEXTENTS 2147483645
  PCTINCREASE 0 FREELISTS 1 FREELIST GROUPS 1 BUFFER_POOL DEFAULT)
  TABLESPACE "USERS" ;
--------------------------------------------------------
--  DDL for Table CATEGORY
--------------------------------------------------------

  CREATE TABLE "SCOTT"."CATEGORY" 
   (	"CNAME" VARCHAR2(50 BYTE), 
	"CDESC" VARCHAR2(255 BYTE)
   ) PCTFREE 10 PCTUSED 40 INITRANS 1 MAXTRANS 255 NOCOMPRESS LOGGING
  STORAGE(INITIAL 65536 NEXT 1048576 MINEXTENTS 1 MAXEXTENTS 2147483645
  PCTINCREASE 0 FREELISTS 1 FREELIST GROUPS 1 BUFFER_POOL DEFAULT)
  TABLESPACE "USERS" ;
--------------------------------------------------------
--  DDL for Table CUSTOMER
--------------------------------------------------------

  CREATE TABLE "SCOTT"."CUSTOMER" 
   (	"USERNAME" VARCHAR2(50 CHAR), 
	"PASSWORD" VARCHAR2(32 BYTE), 
	"FIRSTNAME" VARCHAR2(15 BYTE), 
	"LASTNAME" VARCHAR2(15 BYTE), 
	"BILL_ADDRESSLINE1" VARCHAR2(225 BYTE), 
	"BILL_ADDRESSLINE2" VARCHAR2(225 BYTE), 
	"BILL_CITY" VARCHAR2(20 BYTE), 
	"BILL_STATE" VARCHAR2(20 BYTE), 
	"BILL_COUNTRY" VARCHAR2(20 BYTE), 
	"BILL_POSTALCODE" NUMBER, 
	"BILL_CONTACTNO" NUMBER, 
	"SHIP_ADDRESSLINE1" VARCHAR2(225 BYTE), 
	"SHIP_ADDRESSLINE2" VARCHAR2(225 BYTE), 
	"SHIP_CITY" VARCHAR2(20 BYTE), 
	"SHIP_STATE" VARCHAR2(20 BYTE), 
	"SHIP_COUNTRY" VARCHAR2(20 BYTE), 
	"SHIP_POSTALCODE" NUMBER, 
	"SHIP_CONTACTNO" NUMBER
   ) PCTFREE 10 PCTUSED 40 INITRANS 1 MAXTRANS 255 NOCOMPRESS LOGGING
  STORAGE(INITIAL 65536 NEXT 1048576 MINEXTENTS 1 MAXEXTENTS 2147483645
  PCTINCREASE 0 FREELISTS 1 FREELIST GROUPS 1 BUFFER_POOL DEFAULT)
  TABLESPACE "USERS" ;
--------------------------------------------------------
--  DDL for Table ORDER_DETAILS
--------------------------------------------------------

  CREATE TABLE "SCOTT"."ORDER_DETAILS" 
   (	"OID" NUMBER, 
	"PID" NUMBER, 
	"PQTY" NUMBER, 
	"USERNAME" VARCHAR2(50 CHAR)
   ) PCTFREE 10 PCTUSED 40 INITRANS 1 MAXTRANS 255 NOCOMPRESS LOGGING
  STORAGE(INITIAL 65536 NEXT 1048576 MINEXTENTS 1 MAXEXTENTS 2147483645
  PCTINCREASE 0 FREELISTS 1 FREELIST GROUPS 1 BUFFER_POOL DEFAULT)
  TABLESPACE "USERS" ;
--------------------------------------------------------
--  DDL for Table PRODUCT
--------------------------------------------------------

  CREATE TABLE "SCOTT"."PRODUCT" 
   (	"PID" NUMBER(*,0), 
	"PNAME" VARCHAR2(50 BYTE), 
	"PDESC" VARCHAR2(255 BYTE), 
	"PQTY" NUMBER, 
	"PPRICE" NUMBER, 
	"PAVAILABILITY" VARCHAR2(1 CHAR) DEFAULT 'Y'
   ) PCTFREE 10 PCTUSED 40 INITRANS 1 MAXTRANS 255 NOCOMPRESS LOGGING
  STORAGE(INITIAL 65536 NEXT 1048576 MINEXTENTS 1 MAXEXTENTS 2147483645
  PCTINCREASE 0 FREELISTS 1 FREELIST GROUPS 1 BUFFER_POOL DEFAULT)
  TABLESPACE "USERS" ;
--------------------------------------------------------
--  DDL for Table PRODUCT_CATEGORY
--------------------------------------------------------

  CREATE TABLE "SCOTT"."PRODUCT_CATEGORY" 
   (	"PID" NUMBER, 
	"CNAME" VARCHAR2(50 CHAR)
   ) PCTFREE 10 PCTUSED 40 INITRANS 1 MAXTRANS 255 NOCOMPRESS LOGGING
  STORAGE(INITIAL 65536 NEXT 1048576 MINEXTENTS 1 MAXEXTENTS 2147483645
  PCTINCREASE 0 FREELISTS 1 FREELIST GROUPS 1 BUFFER_POOL DEFAULT)
  TABLESPACE "USERS" ;
REM INSERTING into SCOTT.ADMIN
SET DEFINE OFF;
Insert into SCOTT.ADMIN (USERNAME,PASSWORD,NAME,CONTACTNO,SHIPPINGCHARGES) values ('shoppersstop89@gmail.com','admin.shoppersstop','Swapnil Sharma',9998590202,100);
REM INSERTING into SCOTT.CATEGORY
SET DEFINE OFF;
Insert into SCOTT.CATEGORY (CNAME,CDESC) values ('Fiction','Contains books that are fiction.');
Insert into SCOTT.CATEGORY (CNAME,CDESC) values ('Non-fiction','Contains books on real life characters, articles');
Insert into SCOTT.CATEGORY (CNAME,CDESC) values ('Health Care','Contains books on health care and fitness');
REM INSERTING into SCOTT.CUSTOMER
SET DEFINE OFF;
Insert into SCOTT.CUSTOMER (USERNAME,PASSWORD,FIRSTNAME,LASTNAME,BILL_ADDRESSLINE1,BILL_ADDRESSLINE2,BILL_CITY,BILL_STATE,BILL_COUNTRY,BILL_POSTALCODE,BILL_CONTACTNO,SHIP_ADDRESSLINE1,SHIP_ADDRESSLINE2,SHIP_CITY,SHIP_STATE,SHIP_COUNTRY,SHIP_POSTALCODE,SHIP_CONTACTNO) values ('jessicagbhatt@gmail.com','123@123','Jessica','Bhatt','abc','def','Ahmedabad','Gujarat','India',380015,7567732280,'abc','def','Ahmedabad','Gujarat','India',380015,7567732280);
Insert into SCOTT.CUSTOMER (USERNAME,PASSWORD,FIRSTNAME,LASTNAME,BILL_ADDRESSLINE1,BILL_ADDRESSLINE2,BILL_CITY,BILL_STATE,BILL_COUNTRY,BILL_POSTALCODE,BILL_CONTACTNO,SHIP_ADDRESSLINE1,SHIP_ADDRESSLINE2,SHIP_CITY,SHIP_STATE,SHIP_COUNTRY,SHIP_POSTALCODE,SHIP_CONTACTNO) values ('desaiuditd@gmail.com','55555','Udit','Desai','pqr','stu','Gandhinagar','Gujarat','India',382007,7567742244,'pqr','stu','Gandhinagar','Gujarat','India',3382007,7567742244);
Insert into SCOTT.CUSTOMER (USERNAME,PASSWORD,FIRSTNAME,LASTNAME,BILL_ADDRESSLINE1,BILL_ADDRESSLINE2,BILL_CITY,BILL_STATE,BILL_COUNTRY,BILL_POSTALCODE,BILL_CONTACTNO,SHIP_ADDRESSLINE1,SHIP_ADDRESSLINE2,SHIP_CITY,SHIP_STATE,SHIP_COUNTRY,SHIP_POSTALCODE,SHIP_CONTACTNO) values ('mahi_drr@gmail.com','12345','Dimple','Rudakia','a-34, abc, gh road','santa cruz','Bombay','Maharashtra','IIndia',400012,9940015052,'45-shalimar','shyamal road','Pune','Maharshtra','India',440015,9912345764);
REM INSERTING into SCOTT.ORDER_DETAILS
SET DEFINE OFF;
Insert into SCOTT.ORDER_DETAILS (OID,PID,PQTY,USERNAME) values (2,1,2,'desaiuditd@gmail.com');
Insert into SCOTT.ORDER_DETAILS (OID,PID,PQTY,USERNAME) values (1,1,2,'jessicagbhatt@gmail.com');
REM INSERTING into SCOTT.PRODUCT
SET DEFINE OFF;
Insert into SCOTT.PRODUCT (PID,PNAME,PDESC,PQTY,PPRICE,PAVAILABILITY) values (1,'Harry Potter Part 1','abc',100,300,'Y');
Insert into SCOTT.PRODUCT (PID,PNAME,PDESC,PQTY,PPRICE,PAVAILABILITY) values (2,'Da Vinci Code','def',550,50,'Y');
Insert into SCOTT.PRODUCT (PID,PNAME,PDESC,PQTY,PPRICE,PAVAILABILITY) values (3,'Yoga for Beginners','gef',60,350,'Y');
Insert into SCOTT.PRODUCT (PID,PNAME,PDESC,PQTY,PPRICE,PAVAILABILITY) values (4,'Wings of Fire','written by Dr. A.P.J. Abdul Kalam',15,400,'Y');
Insert into SCOTT.PRODUCT (PID,PNAME,PDESC,PQTY,PPRICE,PAVAILABILITY) values (5,'Bloodline','Sydney Sheldon',0,250,'N');
REM INSERTING into SCOTT.PRODUCT_CATEGORY
SET DEFINE OFF;
Insert into SCOTT.PRODUCT_CATEGORY (PID,CNAME) values (1,'Fiction');
Insert into SCOTT.PRODUCT_CATEGORY (PID,CNAME) values (2,'Fiction');
Insert into SCOTT.PRODUCT_CATEGORY (PID,CNAME) values (3,'Health Care');
Insert into SCOTT.PRODUCT_CATEGORY (PID,CNAME) values (4,'Non-fiction');
Insert into SCOTT.PRODUCT_CATEGORY (PID,CNAME) values (5,'Fiction');
--------------------------------------------------------
--  DDL for Index ORDER_DETAILS_PK
--------------------------------------------------------

  CREATE UNIQUE INDEX "SCOTT"."ORDER_DETAILS_PK" ON "SCOTT"."ORDER_DETAILS" ("OID", "PID") 
  PCTFREE 10 INITRANS 2 MAXTRANS 255 
  STORAGE(INITIAL 65536 NEXT 1048576 MINEXTENTS 1 MAXEXTENTS 2147483645
  PCTINCREASE 0 FREELISTS 1 FREELIST GROUPS 1 BUFFER_POOL DEFAULT)
  TABLESPACE "USERS" ;
--------------------------------------------------------
--  DDL for Index CATEGORY_PK
--------------------------------------------------------

  CREATE UNIQUE INDEX "SCOTT"."CATEGORY_PK" ON "SCOTT"."CATEGORY" ("CNAME") 
  PCTFREE 10 INITRANS 2 MAXTRANS 255 COMPUTE STATISTICS 
  STORAGE(INITIAL 65536 NEXT 1048576 MINEXTENTS 1 MAXEXTENTS 2147483645
  PCTINCREASE 0 FREELISTS 1 FREELIST GROUPS 1 BUFFER_POOL DEFAULT)
  TABLESPACE "USERS" ;
--------------------------------------------------------
--  DDL for Index ADMIN_PK
--------------------------------------------------------

  CREATE UNIQUE INDEX "SCOTT"."ADMIN_PK" ON "SCOTT"."ADMIN" ("USERNAME", "PASSWORD") 
  PCTFREE 10 INITRANS 2 MAXTRANS 255 COMPUTE STATISTICS 
  STORAGE(INITIAL 65536 NEXT 1048576 MINEXTENTS 1 MAXEXTENTS 2147483645
  PCTINCREASE 0 FREELISTS 1 FREELIST GROUPS 1 BUFFER_POOL DEFAULT)
  TABLESPACE "USERS" ;
--------------------------------------------------------
--  DDL for Index PRODUCT_CATEGORY_PK
--------------------------------------------------------

  CREATE UNIQUE INDEX "SCOTT"."PRODUCT_CATEGORY_PK" ON "SCOTT"."PRODUCT_CATEGORY" ("PID", "CNAME") 
  PCTFREE 10 INITRANS 2 MAXTRANS 255 
  STORAGE(INITIAL 65536 NEXT 1048576 MINEXTENTS 1 MAXEXTENTS 2147483645
  PCTINCREASE 0 FREELISTS 1 FREELIST GROUPS 1 BUFFER_POOL DEFAULT)
  TABLESPACE "USERS" ;
--------------------------------------------------------
--  DDL for Index PRODUCT_PK
--------------------------------------------------------

  CREATE UNIQUE INDEX "SCOTT"."PRODUCT_PK" ON "SCOTT"."PRODUCT" ("PID") 
  PCTFREE 10 INITRANS 2 MAXTRANS 255 COMPUTE STATISTICS 
  STORAGE(INITIAL 65536 NEXT 1048576 MINEXTENTS 1 MAXEXTENTS 2147483645
  PCTINCREASE 0 FREELISTS 1 FREELIST GROUPS 1 BUFFER_POOL DEFAULT)
  TABLESPACE "USERS" ;
--------------------------------------------------------
--  DDL for Index CUSTOMER_PK
--------------------------------------------------------

  CREATE UNIQUE INDEX "SCOTT"."CUSTOMER_PK" ON "SCOTT"."CUSTOMER" ("USERNAME") 
  PCTFREE 10 INITRANS 2 MAXTRANS 255 COMPUTE STATISTICS 
  STORAGE(INITIAL 65536 NEXT 1048576 MINEXTENTS 1 MAXEXTENTS 2147483645
  PCTINCREASE 0 FREELISTS 1 FREELIST GROUPS 1 BUFFER_POOL DEFAULT)
  TABLESPACE "USERS" ;
--------------------------------------------------------
--  Constraints for Table ORDER_DETAILS
--------------------------------------------------------

  ALTER TABLE "SCOTT"."ORDER_DETAILS" ADD CONSTRAINT "ORDER_DETAILS_PK" PRIMARY KEY ("OID", "PID")
  USING INDEX PCTFREE 10 INITRANS 2 MAXTRANS 255 
  STORAGE(INITIAL 65536 NEXT 1048576 MINEXTENTS 1 MAXEXTENTS 2147483645
  PCTINCREASE 0 FREELISTS 1 FREELIST GROUPS 1 BUFFER_POOL DEFAULT)
  TABLESPACE "USERS"  ENABLE;
 
  ALTER TABLE "SCOTT"."ORDER_DETAILS" MODIFY ("OID" NOT NULL ENABLE);
 
  ALTER TABLE "SCOTT"."ORDER_DETAILS" MODIFY ("PID" NOT NULL ENABLE);
--------------------------------------------------------
--  Constraints for Table CUSTOMER
--------------------------------------------------------

  ALTER TABLE "SCOTT"."CUSTOMER" ADD CONSTRAINT "CUSTOMER_PK" PRIMARY KEY ("USERNAME")
  USING INDEX PCTFREE 10 INITRANS 2 MAXTRANS 255 COMPUTE STATISTICS 
  STORAGE(INITIAL 65536 NEXT 1048576 MINEXTENTS 1 MAXEXTENTS 2147483645
  PCTINCREASE 0 FREELISTS 1 FREELIST GROUPS 1 BUFFER_POOL DEFAULT)
  TABLESPACE "USERS"  ENABLE;
 
  ALTER TABLE "SCOTT"."CUSTOMER" MODIFY ("USERNAME" NOT NULL ENABLE);
 
  ALTER TABLE "SCOTT"."CUSTOMER" MODIFY ("PASSWORD" NOT NULL ENABLE);
--------------------------------------------------------
--  Constraints for Table PRODUCT_CATEGORY
--------------------------------------------------------

  ALTER TABLE "SCOTT"."PRODUCT_CATEGORY" ADD CONSTRAINT "PRODUCT_CATEGORY_PK" PRIMARY KEY ("PID", "CNAME")
  USING INDEX PCTFREE 10 INITRANS 2 MAXTRANS 255 
  STORAGE(INITIAL 65536 NEXT 1048576 MINEXTENTS 1 MAXEXTENTS 2147483645
  PCTINCREASE 0 FREELISTS 1 FREELIST GROUPS 1 BUFFER_POOL DEFAULT)
  TABLESPACE "USERS"  ENABLE;
 
  ALTER TABLE "SCOTT"."PRODUCT_CATEGORY" MODIFY ("PID" NOT NULL ENABLE);
 
  ALTER TABLE "SCOTT"."PRODUCT_CATEGORY" MODIFY ("CNAME" NOT NULL ENABLE);
--------------------------------------------------------
--  Constraints for Table CATEGORY
--------------------------------------------------------

  ALTER TABLE "SCOTT"."CATEGORY" ADD CONSTRAINT "CATEGORY_PK" PRIMARY KEY ("CNAME")
  USING INDEX PCTFREE 10 INITRANS 2 MAXTRANS 255 COMPUTE STATISTICS 
  STORAGE(INITIAL 65536 NEXT 1048576 MINEXTENTS 1 MAXEXTENTS 2147483645
  PCTINCREASE 0 FREELISTS 1 FREELIST GROUPS 1 BUFFER_POOL DEFAULT)
  TABLESPACE "USERS"  ENABLE;
 
  ALTER TABLE "SCOTT"."CATEGORY" MODIFY ("CNAME" NOT NULL ENABLE);
--------------------------------------------------------
--  Constraints for Table PRODUCT
--------------------------------------------------------

  ALTER TABLE "SCOTT"."PRODUCT" ADD CONSTRAINT "PRODUCT_CHK1" CHECK (PAVAILABILITY IN ('Y', 'N')) ENABLE;
 
  ALTER TABLE "SCOTT"."PRODUCT" ADD CONSTRAINT "PRODUCT_PK" PRIMARY KEY ("PID")
  USING INDEX PCTFREE 10 INITRANS 2 MAXTRANS 255 COMPUTE STATISTICS 
  STORAGE(INITIAL 65536 NEXT 1048576 MINEXTENTS 1 MAXEXTENTS 2147483645
  PCTINCREASE 0 FREELISTS 1 FREELIST GROUPS 1 BUFFER_POOL DEFAULT)
  TABLESPACE "USERS"  ENABLE;
 
  ALTER TABLE "SCOTT"."PRODUCT" MODIFY ("PID" NOT NULL ENABLE);
 
  ALTER TABLE "SCOTT"."PRODUCT" MODIFY ("PAVAILABILITY" NOT NULL ENABLE);
--------------------------------------------------------
--  Constraints for Table ADMIN
--------------------------------------------------------

  ALTER TABLE "SCOTT"."ADMIN" ADD CONSTRAINT "ADMIN_PK" PRIMARY KEY ("USERNAME", "PASSWORD")
  USING INDEX PCTFREE 10 INITRANS 2 MAXTRANS 255 COMPUTE STATISTICS 
  STORAGE(INITIAL 65536 NEXT 1048576 MINEXTENTS 1 MAXEXTENTS 2147483645
  PCTINCREASE 0 FREELISTS 1 FREELIST GROUPS 1 BUFFER_POOL DEFAULT)
  TABLESPACE "USERS"  ENABLE;
 
  ALTER TABLE "SCOTT"."ADMIN" MODIFY ("USERNAME" NOT NULL ENABLE);
 
  ALTER TABLE "SCOTT"."ADMIN" MODIFY ("PASSWORD" NOT NULL ENABLE);
--------------------------------------------------------
--  Ref Constraints for Table ORDER_DETAILS
--------------------------------------------------------

  ALTER TABLE "SCOTT"."ORDER_DETAILS" ADD CONSTRAINT "ORDER_DETAILS_CUSTOMER_FK1" FOREIGN KEY ("USERNAME")
	  REFERENCES "SCOTT"."CUSTOMER" ("USERNAME") ON DELETE CASCADE ENABLE;
--------------------------------------------------------
--  Ref Constraints for Table PRODUCT_CATEGORY
--------------------------------------------------------

  ALTER TABLE "SCOTT"."PRODUCT_CATEGORY" ADD CONSTRAINT "PRODUCT_CATEGORY_PRODUCT_FK1" FOREIGN KEY ("PID")
	  REFERENCES "SCOTT"."PRODUCT" ("PID") ON DELETE CASCADE ENABLE;
